<tree entropy="0.6028704850060876"><node entropy="0.0" feature="att5" value="low">unacc</node><node entropy="0.6075789953970611" feature="att5" value="med"><node entropy="0.0" feature="att3" value="2">unacc</node><node entropy="0.6771685102328484" feature="att3" value="4"><node entropy="0.4056390622295664" feature="att0" value="vhigh"><node entropy="0.0" feature="att1" value="vhigh">unacc</node><node entropy="0.0" feature="att1" value="high">unacc</node><node entropy="0.5" feature="att1" value="med"><node entropy="0.0" feature="att4" value="small">unacc</node><node entropy="0.5" feature="att4" value="med"><node entropy="0.0" feature="att2" value="2">unacc</node><node entropy="0.0" feature="att2" value="3">unacc</node><node entropy="0.0" feature="att2" value="4">acc</node><node entropy="0.0" feature="att2" value="5more">acc</node></node><node entropy="0.0" feature="att4" value="big">acc</node></node><node entropy="0.5" feature="att1" value="low"><node entropy="0.0" feature="att4" value="small">unacc</node><node entropy="0.5" feature="att4" value="med"><node entropy="0.0" feature="att2" value="2">unacc</node><node entropy="0.0" feature="att2" value="3">unacc</node><node entropy="0.0" feature="att2" value="4">acc</node><node entropy="0.0" feature="att2" value="5more">acc</node></node><node entropy="0.0" feature="att4" value="big">acc</node></node></node><node entropy="0.47721700146248247" feature="att0" value="high"><node entropy="0.0" feature="att4" value="small">unacc</node><node entropy="0.47721700146248247" feature="att4" value="med"><node entropy="0.0" feature="att2" value="2">unacc</node><node entropy="0.0" feature="att2" value="3">unacc</node><node entropy="0.4056390622295664" feature="att2" value="4"><node entropy="0.0" feature="att1" value="vhigh">unacc</node><node entropy="0.0" feature="att1" value="high">acc</node><node entropy="0.0" feature="att1" value="med">acc</node><node entropy="0.0" feature="att1" value="low">acc</node></node><node entropy="0.4056390622295664" feature="att2" value="5more"><node entropy="0.0" feature="att1" value="vhigh">unacc</node><node entropy="0.0" feature="att1" value="high">acc</node><node entropy="0.0" feature="att1" value="med">acc</node><node entropy="0.0" feature="att1" value="low">acc</node></node></node><node entropy="0.4056390622295664" feature="att4" value="big"><node entropy="0.0" feature="att1" value="vhigh">unacc</node><node entropy="0.0" feature="att1" value="high">acc</node><node entropy="0.0" feature="att1" value="med">acc</node><node entropy="0.0" feature="att1" value="low">acc</node></node></node><node entropy="0.6493974703476992" feature="att0" value="med"><node entropy="0.5" feature="att1" value="vhigh"><node entropy="0.0" feature="att4" value="small">unacc</node><node entropy="0.5" feature="att4" value="med"><node entropy="0.0" feature="att2" value="2">unacc</node><node entropy="0.0" feature="att2" value="3">unacc</node><node entropy="0.0" feature="att2" value="4">acc</node><node entropy="0.0" feature="att2" value="5more">acc</node></node><node entropy="0.0" feature="att4" value="big">acc</node></node><node entropy="0.5" feature="att1" value="high"><node entropy="0.0" feature="att4" value="small">unacc</node><node entropy="0.5" feature="att4" value="med"><node entropy="0.0" feature="att2" value="2">unacc</node><node entropy="0.0" feature="att2" value="3">unacc</node><node entropy="0.0" feature="att2" value="4">acc</node><node entropy="0.0" feature="att2" value="5more">acc</node></node><node entropy="0.0" feature="att4" value="big">acc</node></node><node entropy="0.0" feature="att1" value="med">acc</node><node entropy="0.5" feature="att1" value="low"><node entropy="0.0" feature="att4" value="small">acc</node><node entropy="0.5" feature="att4" value="med"><node entropy="0.0" feature="att2" value="2">acc</node><node entropy="0.0" feature="att2" value="3">acc</node><node entropy="0.0" feature="att2" value="4">good</node><node entropy="0.0" feature="att2" value="5more">good</node></node><node entropy="0.0" feature="att4" value="big">good</node></node></node><node entropy="0.6493974703476992" feature="att0" value="low"><node entropy="0.5" feature="att1" value="vhigh"><node entropy="0.0" feature="att4" value="small">unacc</node><node entropy="0.5" feature="att4" value="med"><node entropy="0.0" feature="att2" value="2">unacc</node><node entropy="0.0" feature="att2" value="3">unacc</node><node entropy="0.0" feature="att2" value="4">acc</node><node entropy="0.0" feature="att2" value="5more">acc</node></node><node entropy="0.0" feature="att4" value="big">acc</node></node><node entropy="0.0" feature="att1" value="high">acc</node><node entropy="0.5" feature="att1" value="med"><node entropy="0.0" feature="att4" value="small">acc</node><node entropy="0.5" feature="att4" value="med"><node entropy="0.0" feature="att2" value="2">acc</node><node entropy="0.0" feature="att2" value="3">acc</node><node entropy="0.0" feature="att2" value="4">good</node><node entropy="0.0" feature="att2" value="5more">good</node></node><node entropy="0.0" feature="att4" value="big">good</node></node><node entropy="0.5" feature="att1" value="low"><node entropy="0.0" feature="att4" value="small">acc</node><node entropy="0.5" feature="att4" value="med"><node entropy="0.0" feature="att2" value="2">acc</node><node entropy="0.0" feature="att2" value="3">acc</node><node entropy="0.0" feature="att2" value="4">good</node><node entropy="0.0" feature="att2" value="5more">good</node></node><node entropy="0.0" feature="att4" value="big">good</node></node></node></node><node entropy="0.6934362118666216" feature="att3" value="more"><node entropy="0.4354322346176823" feature="att0" value="vhigh"><node entropy="0.0" feature="att1" value="vhigh">unacc</node><node entropy="0.0" feature="att1" value="high">unacc</node><node entropy="0.48993437832557635" feature="att1" value="med"><node entropy="0.0" feature="att4" value="small">unacc</node><node entropy="0.4056390622295664" feature="att4" value="med"><node entropy="0.0" feature="att2" value="2">unacc</node><node entropy="0.0" feature="att2" value="3">acc</node><node entropy="0.0" feature="att2" value="4">acc</node><node entropy="0.0" feature="att2" value="5more">acc</node></node><node entropy="0.0" feature="att4" value="big">acc</node></node><node entropy="0.48993437832557635" feature="att1" value="low"><node entropy="0.0" feature="att4" value="small">unacc</node><node entropy="0.4056390622295664" feature="att4" value="med"><node entropy="0.0" feature="att2" value="2">unacc</node><node entropy="0.0" feature="att2" value="3">acc</node><node entropy="0.0" feature="att2" value="4">acc</node><node entropy="0.0" feature="att2" value="5more">acc</node></node><node entropy="0.0" feature="att4" value="big">acc</node></node></node><node entropy="0.4943497041442487" feature="att0" value="high"><node entropy="0.0" feature="att4" value="small">unacc</node><node entropy="0.4943497041442487" feature="att4" value="med"><node entropy="0.0" feature="att1" value="vhigh">unacc</node><node entropy="0.4056390622295664" feature="att1" value="high"><node entropy="0.0" feature="att2" value="2">unacc</node><node entropy="0.0" feature="att2" value="3">acc</node><node entropy="0.0" feature="att2" value="4">acc</node><node entropy="0.0" feature="att2" value="5more">acc</node></node><node entropy="0.4056390622295664" feature="att1" value="med"><node entropy="0.0" feature="att2" value="2">unacc</node><node entropy="0.0" feature="att2" value="3">acc</node><node entropy="0.0" feature="att2" value="4">acc</node><node entropy="0.0" feature="att2" value="5more">acc</node></node><node entropy="0.4056390622295664" feature="att1" value="low"><node entropy="0.0" feature="att2" value="2">unacc</node><node entropy="0.0" feature="att2" value="3">acc</node><node entropy="0.0" feature="att2" value="4">acc</node><node entropy="0.0" feature="att2" value="5more">acc</node></node></node><node entropy="0.4056390622295664" feature="att4" value="big"><node entropy="0.0" feature="att1" value="vhigh">unacc</node><node entropy="0.0" feature="att1" value="high">acc</node><node entropy="0.0" feature="att1" value="med">acc</node><node entropy="0.0" feature="att1" value="low">acc</node></node></node><node entropy="0.6721428824256126" feature="att0" value="med"><node entropy="0.48993437832557635" feature="att1" value="vhigh"><node entropy="0.0" feature="att4" value="small">unacc</node><node entropy="0.4056390622295664" feature="att4" value="med"><node entropy="0.0" feature="att2" value="2">unacc</node><node entropy="0.0" feature="att2" value="3">acc</node><node entropy="0.0" feature="att2" value="4">acc</node><node entropy="0.0" feature="att2" value="5more">acc</node></node><node entropy="0.0" feature="att4" value="big">acc</node></node><node entropy="0.48993437832557635" feature="att1" value="high"><node entropy="0.0" feature="att4" value="small">unacc</node><node entropy="0.4056390622295664" feature="att4" value="med"><node entropy="0.0" feature="att2" value="2">unacc</node><node entropy="0.0" feature="att2" value="3">acc</node><node entropy="0.0" feature="att2" value="4">acc</node><node entropy="0.0" feature="att2" value="5more">acc</node></node><node entropy="0.0" feature="att4" value="big">acc</node></node><node entropy="0.20690842515181687" feature="att1" value="med"><node entropy="0.4591479170272448" feature="att2" value="2"><node entropy="0.0" feature="att4" value="small">unacc</node><node entropy="0.0" feature="att4" value="med">acc</node><node entropy="0.0" feature="att4" value="big">acc</node></node><node entropy="0.0" feature="att2" value="3">acc</node><node entropy="0.0" feature="att2" value="4">acc</node><node entropy="0.0" feature="att2" value="5more">acc</node></node><node entropy="0.6403360647604435" feature="att1" value="low"><node entropy="0.4056390622295664" feature="att4" value="small"><node entropy="0.0" feature="att2" value="2">unacc</node><node entropy="0.0" feature="att2" value="3">acc</node><node entropy="0.0" feature="att2" value="4">acc</node><node entropy="0.0" feature="att2" value="5more">acc</node></node><node entropy="0.4056390622295664" feature="att4" value="med"><node entropy="0.0" feature="att2" value="2">acc</node><node entropy="0.0" feature="att2" value="3">good</node><node entropy="0.0" feature="att2" value="4">good</node><node entropy="0.0" feature="att2" value="5more">good</node></node><node entropy="0.0" feature="att4" value="big">good</node></node></node><node entropy="0.7142062338972983" feature="att0" value="low"><node entropy="0.48993437832557635" feature="att1" value="vhigh"><node entropy="0.0" feature="att4" value="small">unacc</node><node entropy="0.4056390622295664" feature="att4" value="med"><node entropy="0.0" feature="att2" value="2">unacc</node><node entropy="0.0" feature="att2" value="3">acc</node><node entropy="0.0" feature="att2" value="4">acc</node><node entropy="0.0" feature="att2" value="5more">acc</node></node><node entropy="0.0" feature="att4" value="big">acc</node></node><node entropy="0.20690842515181687" feature="att1" value="high"><node entropy="0.4591479170272448" feature="att2" value="2"><node entropy="0.0" feature="att4" value="small">unacc</node><node entropy="0.0" feature="att4" value="med">acc</node><node entropy="0.0" feature="att4" value="big">acc</node></node><node entropy="0.0" feature="att2" value="3">acc</node><node entropy="0.0" feature="att2" value="4">acc</node><node entropy="0.0" feature="att2" value="5more">acc</node></node><node entropy="0.6403360647604435" feature="att1" value="med"><node entropy="0.4056390622295664" feature="att4" value="small"><node entropy="0.0" feature="att2" value="2">unacc</node><node entropy="0.0" feature="att2" value="3">acc</node><node entropy="0.0" feature="att2" value="4">acc</node><node entropy="0.0" feature="att2" value="5more">acc</node></node><node entropy="0.4056390622295664" feature="att4" value="med"><node entropy="0.0" feature="att2" value="2">acc</node><node entropy="0.0" feature="att2" value="3">good</node><node entropy="0.0" feature="att2" value="4">good</node><node entropy="0.0" feature="att2" value="5more">good</node></node><node entropy="0.0" feature="att4" value="big">good</node></node><node entropy="0.6403360647604435" feature="att1" value="low"><node entropy="0.4056390622295664" feature="att4" value="small"><node entropy="0.0" feature="att2" value="2">unacc</node><node entropy="0.0" feature="att2" value="3">acc</node><node entropy="0.0" feature="att2" value="4">acc</node><node entropy="0.0" feature="att2" value="5more">acc</node></node><node entropy="0.4056390622295664" feature="att4" value="med"><node entropy="0.0" feature="att2" value="2">acc</node><node entropy="0.0" feature="att2" value="3">good</node><node entropy="0.0" feature="att2" value="4">good</node><node entropy="0.0" feature="att2" value="5more">good</node></node><node entropy="0.0" feature="att4" value="big">good</node></node></node></node></node><node entropy="0.8077559247898062" feature="att5" value="high"><node entropy="0.0" feature="att3" value="2">unacc</node><node entropy="0.8291726092673619" feature="att3" value="4"><node entropy="0.5" feature="att0" value="vhigh"><node entropy="0.0" feature="att1" value="vhigh">unacc</node><node entropy="0.0" feature="att1" value="high">unacc</node><node entropy="0.0" feature="att1" value="med">acc</node><node entropy="0.0" feature="att1" value="low">acc</node></node><node entropy="0.4056390622295664" feature="att0" value="high"><node entropy="0.0" feature="att1" value="vhigh">unacc</node><node entropy="0.0" feature="att1" value="high">acc</node><node entropy="0.0" feature="att1" value="med">acc</node><node entropy="0.0" feature="att1" value="low">acc</node></node><node entropy="0.6493974703476992" feature="att0" value="med"><node entropy="0.0" feature="att1" value="vhigh">acc</node><node entropy="0.0" feature="att1" value="high">acc</node><node entropy="0.5" feature="att1" value="med"><node entropy="0.0" feature="att4" value="small">acc</node><node entropy="0.5" feature="att4" value="med"><node entropy="0.0" feature="att2" value="2">acc</node><node entropy="0.0" feature="att2" value="3">acc</node><node entropy="0.0" feature="att2" value="4">vgood</node><node entropy="0.0" feature="att2" value="5more">vgood</node></node><node entropy="0.0" feature="att4" value="big">vgood</node></node><node entropy="0.5" feature="att1" value="low"><node entropy="0.0" feature="att4" value="small">good</node><node entropy="0.5" feature="att4" value="med"><node entropy="0.0" feature="att2" value="2">good</node><node entropy="0.0" feature="att2" value="3">good</node><node entropy="0.0" feature="att2" value="4">vgood</node><node entropy="0.0" feature="att2" value="5more">vgood</node></node><node entropy="0.0" feature="att4" value="big">vgood</node></node></node><node entropy="0.7806390622295664" feature="att0" value="low"><node entropy="0.0" feature="att1" value="vhigh">acc</node><node entropy="0.5" feature="att1" value="high"><node entropy="0.0" feature="att4" value="small">acc</node><node entropy="0.5" feature="att4" value="med"><node entropy="0.0" feature="att2" value="2">acc</node><node entropy="0.0" feature="att2" value="3">acc</node><node entropy="0.0" feature="att2" value="4">vgood</node><node entropy="0.0" feature="att2" value="5more">vgood</node></node><node entropy="0.0" feature="att4" value="big">vgood</node></node><node entropy="0.5" feature="att1" value="med"><node entropy="0.0" feature="att4" value="small">good</node><node entropy="0.5" feature="att4" value="med"><node entropy="0.0" feature="att2" value="2">good</node><node entropy="0.0" feature="att2" value="3">good</node><node entropy="0.0" feature="att2" value="4">vgood</node><node entropy="0.0" feature="att2" value="5more">vgood</node></node><node entropy="0.0" feature="att4" value="big">vgood</node></node><node entropy="0.5" feature="att1" value="low"><node entropy="0.0" feature="att4" value="small">good</node><node entropy="0.5" feature="att4" value="med"><node entropy="0.0" feature="att2" value="2">good</node><node entropy="0.0" feature="att2" value="3">good</node><node entropy="0.0" feature="att2" value="4">vgood</node><node entropy="0.0" feature="att2" value="5more">vgood</node></node><node entropy="0.0" feature="att4" value="big">vgood</node></node></node></node><node entropy="0.8502374013173388" feature="att3" value="more"><node entropy="0.49749241409298506" feature="att0" value="vhigh"><node entropy="0.0" feature="att1" value="vhigh">unacc</node><node entropy="0.0" feature="att1" value="high">unacc</node><node entropy="0.20690842515181687" feature="att1" value="med"><node entropy="0.4591479170272448" feature="att2" value="2"><node entropy="0.0" feature="att4" value="small">unacc</node><node entropy="0.0" feature="att4" value="med">acc</node><node entropy="0.0" feature="att4" value="big">acc</node></node><node entropy="0.0" feature="att2" value="3">acc</node><node entropy="0.0" feature="att2" value="4">acc</node><node entropy="0.0" feature="att2" value="5more">acc</node></node><node entropy="0.20690842515181687" feature="att1" value="low"><node entropy="0.4591479170272448" feature="att2" value="2"><node entropy="0.0" feature="att4" value="small">unacc</node><node entropy="0.0" feature="att4" value="med">acc</node><node entropy="0.0" feature="att4" value="big">acc</node></node><node entropy="0.0" feature="att2" value="3">acc</node><node entropy="0.0" feature="att2" value="4">acc</node><node entropy="0.0" feature="att2" value="5more">acc</node></node></node><node entropy="0.44801911626727875" feature="att0" value="high"><node entropy="0.0" feature="att1" value="vhigh">unacc</node><node entropy="0.20690842515181687" feature="att1" value="high"><node entropy="0.4591479170272448" feature="att2" value="2"><node entropy="0.0" feature="att4" value="small">unacc</node><node entropy="0.0" feature="att4" value="med">acc</node><node entropy="0.0" feature="att4" value="big">acc</node></node><node entropy="0.0" feature="att2" value="3">acc</node><node entropy="0.0" feature="att2" value="4">acc</node><node entropy="0.0" feature="att2" value="5more">acc</node></node><node entropy="0.20690842515181687" feature="att1" value="med"><node entropy="0.4591479170272448" feature="att2" value="2"><node entropy="0.0" feature="att4" value="small">unacc</node><node entropy="0.0" feature="att4" value="med">acc</node><node entropy="0.0" feature="att4" value="big">acc</node></node><node entropy="0.0" feature="att2" value="3">acc</node><node entropy="0.0" feature="att2" value="4">acc</node><node entropy="0.0" feature="att2" value="5more">acc</node></node><node entropy="0.20690842515181687" feature="att1" value="low"><node entropy="0.4591479170272448" feature="att2" value="2"><node entropy="0.0" feature="att4" value="small">unacc</node><node entropy="0.0" feature="att4" value="med">acc</node><node entropy="0.0" feature="att4" value="big">acc</node></node><node entropy="0.0" feature="att2" value="3">acc</node><node entropy="0.0" feature="att2" value="4">acc</node><node entropy="0.0" feature="att2" value="5more">acc</node></node></node><node entropy="0.7975395672306318" feature="att0" value="med"><node entropy="0.20690842515181687" feature="att1" value="vhigh"><node entropy="0.4591479170272448" feature="att2" value="2"><node entropy="0.0" feature="att4" value="small">unacc</node><node entropy="0.0" feature="att4" value="med">acc</node><node entropy="0.0" feature="att4" value="big">acc</node></node><node entropy="0.0" feature="att2" value="3">acc</node><node entropy="0.0" feature="att2" value="4">acc</node><node entropy="0.0" feature="att2" value="5more">acc</node></node><node entropy="0.20690842515181687" feature="att1" value="high"><node entropy="0.4591479170272448" feature="att2" value="2"><node entropy="0.0" feature="att4" value="small">unacc</node><node entropy="0.0" feature="att4" value="med">acc</node><node entropy="0.0" feature="att4" value="big">acc</node></node><node entropy="0.0" feature="att2" value="3">acc</node><node entropy="0.0" feature="att2" value="4">acc</node><node entropy="0.0" feature="att2" value="5more">acc</node></node><node entropy="0.6403360647604435" feature="att1" value="med"><node entropy="0.4056390622295664" feature="att4" value="small"><node entropy="0.0" feature="att2" value="2">unacc</node><node entropy="0.0" feature="att2" value="3">acc</node><node entropy="0.0" feature="att2" value="4">acc</node><node entropy="0.0" feature="att2" value="5more">acc</node></node><node entropy="0.4056390622295664" feature="att4" value="med"><node entropy="0.0" feature="att2" value="2">acc</node><node entropy="0.0" feature="att2" value="3">vgood</node><node entropy="0.0" feature="att2" value="4">vgood</node><node entropy="0.0" feature="att2" value="5more">vgood</node></node><node entropy="0.0" feature="att4" value="big">vgood</node></node><node entropy="0.6403360647604435" feature="att1" value="low"><node entropy="0.4056390622295664" feature="att4" value="small"><node entropy="0.0" feature="att2" value="2">unacc</node><node entropy="0.0" feature="att2" value="3">good</node><node entropy="0.0" feature="att2" value="4">good</node><node entropy="0.0" feature="att2" value="5more">good</node></node><node entropy="0.4056390622295664" feature="att4" value="med"><node entropy="0.0" feature="att2" value="2">good</node><node entropy="0.0" feature="att2" value="3">vgood</node><node entropy="0.0" feature="att2" value="4">vgood</node><node entropy="0.0" feature="att2" value="5more">vgood</node></node><node entropy="0.0" feature="att4" value="big">vgood</node></node></node><node entropy="0.8878768252305599" feature="att0" value="low"><node entropy="0.20690842515181687" feature="att1" value="vhigh"><node entropy="0.4591479170272448" feature="att2" value="2"><node entropy="0.0" feature="att4" value="small">unacc</node><node entropy="0.0" feature="att4" value="med">acc</node><node entropy="0.0" feature="att4" value="big">acc</node></node><node entropy="0.0" feature="att2" value="3">acc</node><node entropy="0.0" feature="att2" value="4">acc</node><node entropy="0.0" feature="att2" value="5more">acc</node></node><node entropy="0.6403360647604435" feature="att1" value="high"><node entropy="0.4056390622295664" feature="att4" value="small"><node entropy="0.0" feature="att2" value="2">unacc</node><node entropy="0.0" feature="att2" value="3">acc</node><node entropy="0.0" feature="att2" value="4">acc</node><node entropy="0.0" feature="att2" value="5more">acc</node></node><node entropy="0.4056390622295664" feature="att4" value="med"><node entropy="0.0" feature="att2" value="2">acc</node><node entropy="0.0" feature="att2" value="3">vgood</node><node entropy="0.0" feature="att2" value="4">vgood</node><node entropy="0.0" feature="att2" value="5more">vgood</node></node><node entropy="0.0" feature="att4" value="big">vgood</node></node><node entropy="0.6403360647604435" feature="att1" value="med"><node entropy="0.4056390622295664" feature="att4" value="small"><node entropy="0.0" feature="att2" value="2">unacc</node><node entropy="0.0" feature="att2" value="3">good</node><node entropy="0.0" feature="att2" value="4">good</node><node entropy="0.0" feature="att2" value="5more">good</node></node><node entropy="0.4056390622295664" feature="att4" value="med"><node entropy="0.0" feature="att2" value="2">good</node><node entropy="0.0" feature="att2" value="3">vgood</node><node entropy="0.0" feature="att2" value="4">vgood</node><node entropy="0.0" feature="att2" value="5more">vgood</node></node><node entropy="0.0" feature="att4" value="big">vgood</node></node><node entropy="0.6403360647604435" feature="att1" value="low"><node entropy="0.4056390622295664" feature="att4" value="small"><node entropy="0.0" feature="att2" value="2">unacc</node><node entropy="0.0" feature="att2" value="3">good</node><node entropy="0.0" feature="att2" value="4">good</node><node entropy="0.0" feature="att2" value="5more">good</node></node><node entropy="0.4056390622295664" feature="att4" value="med"><node entropy="0.0" feature="att2" value="2">good</node><node entropy="0.0" feature="att2" value="3">vgood</node><node entropy="0.0" feature="att2" value="4">vgood</node><node entropy="0.0" feature="att2" value="5more">vgood</node></node><node entropy="0.0" feature="att4" value="big">vgood</node></node></node></node></node></tree>